"Gene1","Gene2","Weight"
"IGHV1-69D","IGHV2-5",0.262546866447397
"IGHV4-59","IGHV3-15",0.343028551846093
"IGLV1-47","IGHV3-11",0.305689405465732
"IGKV2-24","IGHV3-66",0.261057169862061
"IGHV4-59","IGKV2D-29",0.346904710425468
"IGHV3-15","IGKV2D-29",0.340601618639785
"IGLV1-47","IGHV3-69-1",0.311223288997029
"IGHV3-11","IGHV3-69-1",0.303865930051723
"IGLV1-40","ENSG00000207833",0.278327997344947
"IGLV1-40","TRBV10-2",0.257537765217769
"TRBV6-6","TRAV3",0.272540282013044
"IGHV4-59","ENSG00000207835",0.275440140738132
"IGHV3-15","ENSG00000207835",0.269387104373903
"IGKV2D-29","ENSG00000207835",0.263518743921826
"IGHV2-5","IGHV3-7",0.250811807063434
"IGHV3-66","TRAV8-6",0.252903096505831
"TRAV3","TRAV8-6",0.265684462998326
"ZDHHC20P1","TRAV8-6",0.260033089849886
"TRBV6-6","TRBV3-1",0.276993356477101
"TRAV3","TRBV3-1",0.270391473952485
"TRBV6-6","ENSG00000229590",0.257506717986123
"TRBV3-1","ENSG00000229590",0.287603925781835
"TRAV27","ENSG00000229590",0.255764583086314
"TRAV27","TRAV1-2",0.25733778513911
"TRBV3-1","CCR8",0.252008261566226
"TRAV27","CCR8",0.276302999099117
"ENSG00000229590","CCR8",0.254365797780444
"TRAV1-2","CCR8",0.272310237636312
"IGHV3-66","GPR25",0.260254020634134
"TRAV3","GPR25",0.255672568622776
"ZDHHC20P1","GPR25",0.256673717657781
"TRAV8-6","GPR25",0.269255730166246
"TRBV3-1","GPR25",0.253005701629704
"TRBV19","GPR25",0.269628381601751
"TRBV3-1","TRBV18",0.266195851716949
"TRBV3-1","TRAV8-2",0.258330715308403
"TRAV27","TRAV8-2",0.285139656045886
"ENSG00000229590","TRAV8-2",0.265990783237402
"CCR8","TRAV8-2",0.275973442023669
"IGHV3-66","ENSG00000229313",0.259142514779642
"ZDHHC20P1","ENSG00000229313",0.250356660348182
"TRBV19","ENSG00000229313",0.263537714387173
"CCR8","ENSG00000229313",0.255465282717495
"GPR25","ENSG00000229313",0.275478198920863
"TRAV27","GPR15",0.260422622659622
"CCR8","GPR15",0.251810550966121
"TRAV8-2","GPR15",0.263798240666598
"TRAV8-2","TRAV36DV7",0.254848223121629
"TRBV3-1","TRAV5",0.258934779419031
"TRAV27","TRAV5",0.257330190286234
"ENSG00000229590","TRAV5",0.255582400838756
"CCR8","TRAV5",0.263653807532955
"TRAV8-2","TRAV5",0.258959467857673
"GPR25","IL2",0.256895818711372
"ENSG00000229313","IL2",0.252592572406752
"TRAV3","IL18RAP",0.252211098397892
"TRAV8-6","IL18RAP",0.256807013667836
"GPR25","IL18RAP",0.26608093663825
"TRAV3","ENSG00000255026",0.259263928269868
"TRAV8-6","ENSG00000255026",0.252254362916061
"TRBV3-1","TRAV13-1",0.255326290699673
"CCR8","TRAV13-1",0.252042877288494
"GPR25","TRAV13-1",0.26585700909453
"ENSG00000229313","TRAV13-1",0.259610546047767
"ENSG00000273650","TUBAL3",0.255759560290476
"LINC01915","TUBAL3",0.275109743901867
"ENSG00000277489","TUBAL3",0.274503926323163
"TRBJ1-2","TRAT1",0.250133775559363
"TRAT1","IFNG",0.311912867130519
"TRAT1","FASLG",0.286431162795979
"IFNG","FASLG",0.273372721647767
"TRAT1","UBASH3A",0.271811179793033
"IFNG","UBASH3A",0.255192255172898
"TUBAL3","ENSG00000205018",0.261821162532032
"TRAT1","TRAV8-3",0.252372556162096
"UBASH3A","TRAV8-3",0.250595054944125
"TRAT1","GZMH",0.330131843352354
"IFNG","GZMH",0.312333201495156
"FASLG","GZMH",0.283643529055322
"TRGC1","GZMH",0.251477453154527
"UBASH3A","GZMH",0.272848524190932
"ENSG00000278722","ENSG00000280032",0.264034822350731
"ENSG00000257346","ENSG00000280032",0.256929777452192
"LINC01915","LCN10",0.262666035890703
"ENSG00000277489","LCN10",0.252053425874488
"TUBAL3","LCN10",0.279270821555396
"ENSG00000205018","LCN10",0.266489277005567
"LCN10","LINC01117",0.252407643048238
"TUBAL3","EFCC1",0.293140692111013
"ENSG00000205018","EFCC1",0.253173428773619
"LCN10","EFCC1",0.29004775869086
"TRBV20-1","P2RY10",0.259247665121429
"TRAT1","P2RY10",0.314706665972416
"IFNG","P2RY10",0.315860421734346
"FASLG","P2RY10",0.282557820168365
"UBASH3A","P2RY10",0.270910590426853
"TRAV8-3","P2RY10",0.258719840944871
"GZMH","P2RY10",0.339796197201819
"ENSG00000280032","GATA5",0.281038938112138
"TRAT1","XCL2",0.31861934320424
"IFNG","XCL2",0.292596203125581
"FASLG","XCL2",0.272256790396458
"TRGC1","XCL2",0.2598787145003
"UBASH3A","XCL2",0.273387415074408
"GZMH","XCL2",0.312652677700165
"P2RY10","XCL2",0.324009395796878
"ENSG00000280032","CALHM4",0.254801896965327
"TRAT1","LINC00892",0.28236797885978
"IFNG","LINC00892",0.262797832333197
"GZMH","LINC00892",0.254371467686661
"P2RY10","LINC00892",0.280580234710355
"XCL2","LINC00892",0.25758330565942
"TUBAL3","HOXD1",0.264757220872795
"LCN10","GPR182",0.262483549373664
"TRAT1","XCL1",0.286506748280214
"IFNG","XCL1",0.274411335240648
"FASLG","XCL1",0.254706575926737
"GZMH","XCL1",0.265503397060619
"P2RY10","XCL1",0.295464171226497
"XCL2","XCL1",0.26553293331721
"LINC01915","LOC441179",0.259502986978829
"TUBAL3","LOC441179",0.253222408953225
"ENSG00000280032","CLDN10-AS1",0.252454372541067
"LINC01915","ENSG00000227160",0.26978663696108
"TUBAL3","ENSG00000227160",0.264771572395823
"ENSG00000205018","ENSG00000227160",0.253271305010964
"LCN10","ENSG00000227160",0.267830254821495
"EFCC1","ENSG00000227160",0.262090824977669
"HOXD1","ENSG00000227160",0.254888554184416
"LOC441179","ENSG00000227160",0.264617879730105
"ENSG00000278722","GDF3",0.262516257956345
"ENSG00000257346","GDF3",0.268270724882602
"ENSG00000280032","GDF3",0.301717590946711
"GATA5","GDF3",0.281833274808477
"HOXD1","GDF3",0.252372783996197
"CLDN10-AS1","GDF3",0.258414062531365
"ADGRA1","MYCN",0.256684150994
"LINC01915","MYCN",0.251879667067198
"ENSG00000277489","MYCN",0.259834551269644
"TUBAL3","MYCN",0.289520667945566
"LCN10","MYCN",0.277564395661575
"EFCC1","MYCN",0.270385071755488
"C1QTNF9","MYCN",0.26001326039609
"ENSG00000280032","SLC6A3",0.28142946264841
"GDF3","SLC6A3",0.298115969911973
"TRAT1","EOMES",0.316626998515859
"IFNG","EOMES",0.293810625873572
"FASLG","EOMES",0.272154571407555
"UBASH3A","EOMES",0.269471414212278
"GZMH","EOMES",0.303593697791448
"P2RY10","EOMES",0.327058052084167
"XCL2","EOMES",0.295377678681676
"XCL1","EOMES",0.261430238892536
"LINC01915","MYLK-AS2",0.258682674162893
"TUBAL3","MYLK-AS2",0.250159853449767
"ENSG00000227160","MYLK-AS2",0.263941839822836
"MYCN","ENSG00000258691",0.26463435926535
"LINC01915","AVPR2",0.278472520329067
"ENSG00000277489","AVPR2",0.260237634370271
"TUBAL3","AVPR2",0.29592013847096
"ENSG00000205018","AVPR2",0.267688963764458
"LCN10","AVPR2",0.285961779960966
"EFCC1","AVPR2",0.287249700894189
"HOXD1","AVPR2",0.256559832136187
"LOC441179","AVPR2",0.269130421883203
"ENSG00000227160","AVPR2",0.267767795399991
"MYCN","AVPR2",0.282428784479316
"MYLK-AS2","AVPR2",0.257290184037533
"TUBAL3","ENSG00000249772",0.250109596886514
"LCN10","ENSG00000249772",0.280119342076231
"TUBAL3","ENSG00000214578",0.266268037883477
"LCN10","ENSG00000214578",0.262390912468961
"MYCN","ENSG00000214578",0.285087651091732
"TRBV20-1","ICOS",0.251295270273054
"TRAT1","ICOS",0.327631421297268
"IFNG","ICOS",0.296703183091151
"FASLG","ICOS",0.273830501029221
"TRGC1","ICOS",0.26598199039643
"UBASH3A","ICOS",0.2928546339484
"GZMH","ICOS",0.315491094984143
"P2RY10","ICOS",0.338572274444352
"XCL2","ICOS",0.31029906999011
"LINC00892","ICOS",0.25812017316588
"XCL1","ICOS",0.26177293443663
"EOMES","ICOS",0.299842844547855
"ENSG00000273650","FCN3",0.264605049536608
"LINC01915","FCN3",0.264052711935352
"ENSG00000277489","FCN3",0.281056334763903
"TUBAL3","FCN3",0.305091371004926
"ENSG00000205018","FCN3",0.272189257745884
"ENSG00000280032","FCN3",0.253906055884476
"LCN10","FCN3",0.30236443968474
"LINC01117","FCN3",0.268285539633817
"EFCC1","FCN3",0.306799661007538
"HOXD1","FCN3",0.284205128579478
"GPR182","FCN3",0.303555198948343
"LYPD2","FCN3",0.279075958487292
"LOC441179","FCN3",0.25322054931433
"ENSG00000227160","FCN3",0.272352208154828
"GDF3","FCN3",0.281845820956843
"MYCN","FCN3",0.294294637068164
"SLC6A3","FCN3",0.264074031696269
"MYLK-AS2","FCN3",0.25869904319988
"ENSG00000258691","FCN3",0.253416568857914
"AVPR2","FCN3",0.300220870831713
"ENSG00000249772","FCN3",0.287090595959154
"ENSG00000214578","FCN3",0.287200965962481
"N4BP3","FCN3",0.290116254828836
"ENSG00000259124","FCN3",0.287607580409434
"ENSG00000280032","OTC",0.269669068518193
"GDF3","OTC",0.262836709229469
"FCN3","ENSG00000226252",0.281608962684471
"TRAT1","ZAP70",0.310113014189608
"IFNG","ZAP70",0.281081242004774
"FASLG","ZAP70",0.255549904529138
"TRGC1","ZAP70",0.252869626693038
"UBASH3A","ZAP70",0.274660258067215
"GZMH","ZAP70",0.284645486244117
"P2RY10","ZAP70",0.32782124995902
"XCL2","ZAP70",0.296070620715126
"EOMES","ZAP70",0.285692529784866
"ICOS","ZAP70",0.30833602096225
"TRBV20-1","CXCR3",0.256917932117185
"TRAT1","CXCR3",0.298584721975606
"IFNG","CXCR3",0.293098692803282
"FASLG","CXCR3",0.263434430928585
"TRGC1","CXCR3",0.25810465335708
"UBASH3A","CXCR3",0.260295318470976
"GZMH","CXCR3",0.31589620367798
"P2RY10","CXCR3",0.304535844757888
"XCL2","CXCR3",0.31078515405186
"LINC00892","CXCR3",0.259539671754375
"XCL1","CXCR3",0.272834072209198
"EOMES","CXCR3",0.3082729734378
"ICOS","CXCR3",0.32134907021157
"ZAP70","CXCR3",0.31608721380607
"ENSG00000278722","DHH",0.27586646315093
"ENSG00000257346","DHH",0.292971908499952
"MIR126","DHH",0.257697529606378
"ENSG00000280032","DHH",0.286944047048646
"GATA5","DHH",0.270304115880501
"HOXD1","DHH",0.268033717333095
"CLDN10-AS1","DHH",0.26077028778857
"GDF3","DHH",0.306668630595607
"SLC6A3","DHH",0.289574049483354
"FCN3","DHH",0.291288811151416
"OTC","DHH",0.252010980398653
"LCN10","TPO",0.254186489241907
"FCN3","TPO",0.287134907579449
"LINC01915","TFF3",0.256769942713192
"ENSG00000277489","TFF3",0.267678367353086
"TUBAL3","TFF3",0.280107777955419
"LCN10","TFF3",0.28169277288454
"EFCC1","TFF3",0.271527344116964
"HOXD1","TFF3",0.2623877245768
"GPR182","TFF3",0.25197944966255
"ENSG00000227160","TFF3",0.259692837998967
"GDF3","TFF3",0.268556597089511
"MYCN","TFF3",0.277038043289258
"SLC6A3","TFF3",0.253610335441224
"MYLK-AS2","TFF3",0.251028407100218
"AVPR2","TFF3",0.275168008143912
"ENSG00000249772","TFF3",0.258887173916607
"ENSG00000214578","TFF3",0.263128405094636
"ENSG00000259124","TFF3",0.258278227595509
"FCN3","TFF3",0.325511401827902
"DHH","TFF3",0.269042862453284
"LOC100131785","ENSG00000235576",0.250393037274226
"TRBV20-1","ENSG00000235576",0.27379270544127
"ENSG00000255987","ENSG00000235576",0.250347225060462
"TRAT1","ENSG00000235576",0.295506148787689
"IFNG","ENSG00000235576",0.279211828829154
"UBASH3A","ENSG00000235576",0.271838764722271
"TRAV8-3","ENSG00000235576",0.257137674440362
"GZMH","ENSG00000235576",0.305678943671384
"P2RY10","ENSG00000235576",0.307469582239072
"XCL2","ENSG00000235576",0.300028217202715
"XCL1","ENSG00000235576",0.256415584260518
"EOMES","ENSG00000235576",0.296152866546303
"ICOS","ENSG00000235576",0.319616870685655
"ZAP70","ENSG00000235576",0.314876943234938
"CXCR3","ENSG00000235576",0.300449092672835
"LINC01915","COL17A1",0.270522413259515
"ENSG00000277489","COL17A1",0.276258730265522
"TUBAL3","COL17A1",0.296606448693631
"ENSG00000205018","COL17A1",0.281424728487912
"ZSWIM2","COL17A1",0.250923864537626
"LCN10","COL17A1",0.296964309212872
"EFCC1","COL17A1",0.303494361095387
"HOXD1","COL17A1",0.263302452813489
"GPR182","COL17A1",0.282324675316159
"LOC441179","COL17A1",0.254924982209266
"ENSG00000227160","COL17A1",0.281005983191362
"MYCN","COL17A1",0.28572302370566
"MYLK-AS2","COL17A1",0.255427525510625
"AVPR2","COL17A1",0.300044602706466
"ENSG00000249772","COL17A1",0.290893516774901
"ENSG00000214578","COL17A1",0.263889995965807
"N4BP3","COL17A1",0.269134568241612
"FCN3","COL17A1",0.306783027646548
"TPO","COL17A1",0.280414432899274
"TFF3","COL17A1",0.298035953296253
"ENSG00000226871","LCN6",0.257387946494869
"ADGRA1","LCN6",0.250587354156857
"ENSG00000278722","LCN6",0.267402038441347
"ENSG00000273650","LCN6",0.262122255698423
"LINC01915","LCN6",0.310170078262102
"ENSG00000257346","LCN6",0.288774276978418
"ENSG00000199927","LCN6",0.267881642541424
"ENSG00000281710","LCN6",0.267881642541424
"ENSG00000277489","LCN6",0.310238683220162
"MIR126","LCN6",0.308594313475572
"TUBAL3","LCN6",0.318625213914955
"ENSG00000205018","LCN6",0.283033642851175
"ZSWIM2","LCN6",0.257330008784971
"ENSG00000280032","LCN6",0.321746743925178
"LCN10","LCN6",0.304111174022135
"EFCC1","LCN6",0.31067917951625
"GATA5","LCN6",0.295407158160608
"HOXD1","LCN6",0.342758098942011
"GPR182","LCN6",0.28125340980916
"LYPD2","LCN6",0.286893151752729
"LOC441179","LCN6",0.294486984397167
"CLDN10-AS1","LCN6",0.264728531856232
"ENSG00000227160","LCN6",0.307841751424428
"GDF3","LCN6",0.344287872243812
"MYCN","LCN6",0.30277208492455
"SLC6A3","LCN6",0.337889173768917
"MYLK-AS2","LCN6",0.318562822312414
"AVPR2","LCN6",0.311609715732475
"ENSG00000249772","LCN6",0.292044987985964
"ENSG00000214578","LCN6",0.294341177389925
"N4BP3","LCN6",0.268361468647013
"ENSG00000259124","LCN6",0.279176654074402
"FCN3","LCN6",0.340322045309457
"OTC","LCN6",0.251820897526209
"ENSG00000226252","LCN6",0.269974576823662
"DHH","LCN6",0.354949739732048
"TPO","LCN6",0.263422478461641
"FGFR3","LCN6",0.284350987330143
"TFF3","LCN6",0.344988326403874
"COL17A1","LCN6",0.300813928062492
"ADGRA1","ENSG00000204003",0.276123257141552
"ENSG00000273172","ENSG00000204003",0.269508495555815
"ENSG00000278722","ENSG00000204003",0.26587168730703
"ENSG00000273650","ENSG00000204003",0.287923453913708
"LINC01915","ENSG00000204003",0.3042950125684
"ENSG00000257346","ENSG00000204003",0.278767139619416
"ENSG00000199927","ENSG00000204003",0.288298246659702
"ENSG00000281710","ENSG00000204003",0.288298246659702
"ENSG00000277489","ENSG00000204003",0.322043700483422
"MIR126","ENSG00000204003",0.275115445148648
"KRT27","ENSG00000204003",0.255758299012008
"TUBAL3","ENSG00000204003",0.339958400837012
"ENSG00000205018","ENSG00000204003",0.293719474722973
"ZSWIM2","ENSG00000204003",0.278168302893096
"ENSG00000280032","ENSG00000204003",0.314653189778496
"LCN10","ENSG00000204003",0.339360007651278
"LINC01117","ENSG00000204003",0.276680672560599
"SCNN1B","ENSG00000204003",0.265545170341176
"EFCC1","ENSG00000204003",0.331407680603839
"GATA5","ENSG00000204003",0.28678936636125
"HOXD1","ENSG00000204003",0.326972879915751
"GPR182","ENSG00000204003",0.320826601818767
"C1QTNF9","ENSG00000204003",0.268209425759792
"LYPD2","ENSG00000204003",0.326211411919198
"ENSG00000267045","ENSG00000204003",0.269464773221428
"LOC441179","ENSG00000204003",0.281326009411121
"CLDN10-AS1","ENSG00000204003",0.250219291953463
"ENSG00000227160","ENSG00000204003",0.314458892385495
"GDF3","ENSG00000204003",0.348976969869158
"MYCN","ENSG00000204003",0.336957832620448
"SFTA2","ENSG00000204003",0.268693506988879
"SLC6A3","ENSG00000204003",0.322613017633269
"MYLK-AS2","ENSG00000204003",0.297977034775399
"ENSG00000258691","ENSG00000204003",0.287241857170407
"AVPR2","ENSG00000204003",0.33073890465135
"ENSG00000249772","ENSG00000204003",0.32316712311443
"ENSG00000214578","ENSG00000204003",0.328999415101623
"TMEM252","ENSG00000204003",0.255920287084404
"N4BP3","ENSG00000204003",0.302779333458762
"ENSG00000259124","ENSG00000204003",0.326770616538789
"FCN3","ENSG00000204003",0.376392950599701
"ENSG00000226252","ENSG00000204003",0.304803064747132
"DHH","ENSG00000204003",0.353116358238703
"TPO","ENSG00000204003",0.302856389032166
"FGFR3","ENSG00000204003",0.288887927493569
"TFF3","ENSG00000204003",0.370525365745749
"COL17A1","ENSG00000204003",0.331312948144026
"LCN6","ENSG00000204003",0.37502289692749
"ENSG00000273172","SEMA3G",0.250242351536953
"ENSG00000273650","SEMA3G",0.280092072684406
"LINC01915","SEMA3G",0.274382918264947
"ENSG00000277489","SEMA3G",0.280037745861828
"TUBAL3","SEMA3G",0.316071977348642
"ENSG00000205018","SEMA3G",0.2853676717928
"LCN10","SEMA3G",0.314563031092924
"LINC01117","SEMA3G",0.271139296535187
"SCNN1B","SEMA3G",0.252772909364693
"EFCC1","SEMA3G",0.317679694671988
"HOXD1","SEMA3G",0.281524596943289
"GPR182","SEMA3G",0.297865906642455
"C1QTNF9","SEMA3G",0.271000593822132
"LYPD2","SEMA3G",0.281999672382996
"LOC441179","SEMA3G",0.252226366030457
"CCDC178","SEMA3G",0.255808591836846
"ENSG00000227160","SEMA3G",0.278359485984356
"GDF3","SEMA3G",0.272583862206341
"MYCN","SEMA3G",0.30956397932138
"SLC6A3","SEMA3G",0.255495017302799
"MYLK-AS2","SEMA3G",0.258933066583615
"ENSG00000258691","SEMA3G",0.270081609312566
"AVPR2","SEMA3G",0.310245759035436
"ENSG00000249772","SEMA3G",0.291501351118992
"ENSG00000214578","SEMA3G",0.299220259232804
"N4BP3","SEMA3G",0.279668223455399
"ENSG00000259124","SEMA3G",0.269810712363044
"CILP","SEMA3G",0.260614122409252
"FCN3","SEMA3G",0.336774404228542
"ENSG00000226252","SEMA3G",0.280267732731082
"DHH","SEMA3G",0.281733861074371
"TPO","SEMA3G",0.297124908368845
"TFF3","SEMA3G",0.318204341729054
"COL17A1","SEMA3G",0.305104495692132
"LCN6","SEMA3G",0.315294719291254
"ENSG00000204003","SEMA3G",0.350965280377394
"TUBAL3","HAGLR",0.277443676205125
"ENSG00000205018","HAGLR",0.256697614508999
"LCN10","HAGLR",0.282435107967219
"LINC01117","HAGLR",0.25304355975274
"EFCC1","HAGLR",0.277701235269628
"MYCN","HAGLR",0.263658272085738
"AVPR2","HAGLR",0.269209421345561
"FCN3","HAGLR",0.315790128113548
"TFF3","HAGLR",0.262178865530931
"COL17A1","HAGLR",0.295401792598369
"LCN6","HAGLR",0.297446679284339
"ENSG00000204003","HAGLR",0.33076320636424
"SEMA3G","HAGLR",0.320497449494348
"TRAT1","CD40LG",0.284675071662089
"IFNG","CD40LG",0.250502518668104
"UBASH3A","CD40LG",0.259727701113304
"P2RY10","CD40LG",0.287309894594343
"XCL2","CD40LG",0.250886039554661
"ICOS","CD40LG",0.266479315815926
"CXCR3","CD40LG",0.26231006088983
"ENSG00000235576","CD40LG",0.269044955626718
"COL17A1","HOXD3",0.261390438270948
"LCN6","HOXD3",0.27259388241698
"ENSG00000204003","HOXD3",0.27567701834024
"SEMA3G","HOXD3",0.261145191499931
"LINC01915","ADAMTS18",0.264653442115053
"ENSG00000277489","ADAMTS18",0.271762009138639
"MIR126","ADAMTS18",0.271335281959006
"TUBAL3","ADAMTS18",0.26862881367699
"ENSG00000280032","ADAMTS18",0.281036049919668
"EFCC1","ADAMTS18",0.253192521296103
"GATA5","ADAMTS18",0.256751033682505
"HOXD1","ADAMTS18",0.293967514600794
"LOC441179","ADAMTS18",0.250457366057616
"ENSG00000227160","ADAMTS18",0.254379258902918
"GDF3","ADAMTS18",0.287812049424958
"MYCN","ADAMTS18",0.250153679717866
"SLC6A3","ADAMTS18",0.304553060164809
"MYLK-AS2","ADAMTS18",0.270957231405989
"AVPR2","ADAMTS18",0.257421461207967
"FCN3","ADAMTS18",0.299570000641403
"DHH","ADAMTS18",0.294490644451011
"TFF3","ADAMTS18",0.281601951884833
"COL17A1","ADAMTS18",0.275338891803168
"LCN6","ADAMTS18",0.351506687664012
"ENSG00000204003","ADAMTS18",0.351284385738079
"SEMA3G","ADAMTS18",0.293493493332124
"TRAT1","CD7",0.254249623293422
"GZMH","CD7",0.251971662835963
"P2RY10","CD7",0.250124960795594
"XCL2","CD7",0.254518681109476
"EOMES","CD7",0.252828877431143
"ICOS","CD7",0.264197553023422
"ZAP70","CD7",0.250721084471236
"FCN3","ENSG00000226363",0.316437880388606
"COL17A1","ENSG00000226363",0.260242970820261
"LCN6","ENSG00000226363",0.277599707695078
"ENSG00000204003","ENSG00000226363",0.327210322790938
"SEMA3G","ENSG00000226363",0.303028176539525
"TRBV20-1","CD8B",0.25005087994951
"TRAT1","CD8B",0.293948629130474
"IFNG","CD8B",0.287185013409095
"FASLG","CD8B",0.260666512636146
"TRGC1","CD8B",0.260580815226842
"UBASH3A","CD8B",0.263661703823072
"TRAV8-3","CD8B",0.250546217977313
"GZMH","CD8B",0.308025276608867
"P2RY10","CD8B",0.299500980133601
"XCL2","CD8B",0.304031162537376
"LINC00892","CD8B",0.259552476237958
"XCL1","CD8B",0.265937351049885
"EOMES","CD8B",0.302305959064724
"ICOS","CD8B",0.316122690432371
"ZAP70","CD8B",0.303417819171157
"CXCR3","CD8B",0.286291206615082
"ENSG00000235576","CD8B",0.293247241302901
"CD40LG","CD8B",0.258267873409847
"ENSG00000273650","TLL1",0.265123599449599
"LINC01915","TLL1",0.274809645173811
"ENSG00000277489","TLL1",0.286787696497517
"TUBAL3","TLL1",0.31252933577098
"ENSG00000205018","TLL1",0.275276889489432
"LCN10","TLL1",0.293942310015807
"LINC01117","TLL1",0.257702478330563
"EFCC1","TLL1",0.305259433037561
"HOXD1","TLL1",0.275771546173957
"GPR182","TLL1",0.27606797875857
"LYPD2","TLL1",0.251106612893626
"LOC441179","TLL1",0.256507340851062
"ENSG00000227160","TLL1",0.275841827497984
"GDF3","TLL1",0.264375648844745
"MYCN","TLL1",0.300535624290844
"SLC6A3","TLL1",0.254561560082253
"MYLK-AS2","TLL1",0.259378436295733
"ENSG00000258691","TLL1",0.259685094522174
"AVPR2","TLL1",0.309290400369323
"ENSG00000249772","TLL1",0.274653708232655
"ENSG00000214578","TLL1",0.28358730092998
"N4BP3","TLL1",0.277508312086288
"ENSG00000259124","TLL1",0.260490456672882
"FCN3","TLL1",0.329214078961279
"ENSG00000226252","TLL1",0.257532180018032
"DHH","TLL1",0.26643016584792
"TPO","TLL1",0.284051873633379
"TFF3","TLL1",0.321296317106223
"COL17A1","TLL1",0.305331121371786
"LCN6","TLL1",0.330611045336059
"ENSG00000204003","TLL1",0.3612480670279
"SEMA3G","TLL1",0.328067558810685
"HAGLR","TLL1",0.305747530197937
"HOXD3","TLL1",0.251387554705195
"ADAMTS18","TLL1",0.293656925145045
"ENSG00000226363","TLL1",0.276988225722896
"ENSG00000273650","ENSG00000226197",0.256512548900801
"LINC01915","ENSG00000226197",0.294036592611261
"HOXD9","ENSG00000226197",0.258994049603327
"ENSG00000277489","ENSG00000226197",0.2918992813033
"TUBAL3","ENSG00000226197",0.31453252820431
"ENSG00000205018","ENSG00000226197",0.293094835276829
"LCN10","ENSG00000226197",0.295594297124176
"LINC01117","ENSG00000226197",0.271826361386926
"EFCC1","ENSG00000226197",0.320026118832852
"HOXD1","ENSG00000226197",0.297610227384578
"GPR182","ENSG00000226197",0.274071972960022
"LOC441179","ENSG00000226197",0.282995305624174
"ENSG00000227160","ENSG00000226197",0.290214030356652
"GDF3","ENSG00000226197",0.259656861961062
"MYCN","ENSG00000226197",0.291178784551561
"SLC6A3","ENSG00000226197",0.26152137637881
"MYLK-AS2","ENSG00000226197",0.281328135021361
"AVPR2","ENSG00000226197",0.313635576245946
"ENSG00000249772","ENSG00000226197",0.283713086290672
"ENSG00000214578","ENSG00000226197",0.277197175397917
"N4BP3","ENSG00000226197",0.257650632494231
"FCN3","ENSG00000226197",0.332575356304855
"DHH","ENSG00000226197",0.269050931979313
"TPO","ENSG00000226197",0.266977754916911
"TFF3","ENSG00000226197",0.306470616322284
"COL17A1","ENSG00000226197",0.309525893098848
"LCN6","ENSG00000226197",0.338428013577162
"ENSG00000204003","ENSG00000226197",0.36244721482825
"SEMA3G","ENSG00000226197",0.328646568706571
"HAGLR","ENSG00000226197",0.313696017599129
"HOXD3","ENSG00000226197",0.269779521350306
"ADAMTS18","ENSG00000226197",0.297142082427977
"ENSG00000226363","ENSG00000226197",0.259260344313842
"TLL1","ENSG00000226197",0.321147147864227
"ENSG00000204003","GRAPL",0.272911848278532
"SEMA3G","GRAPL",0.254968063186258
"FCN3","ENSG00000237004",0.282134721954477
"COL17A1","ENSG00000237004",0.279798861555644
"LCN6","ENSG00000237004",0.256030230702154
"ENSG00000204003","ENSG00000237004",0.291075746989409
"SEMA3G","ENSG00000237004",0.285223677402044
"TLL1","ENSG00000237004",0.269758145277522
"ENSG00000226197","ENSG00000237004",0.267247083887008
"UBASH3A","TRBC1",0.253635027226959
"CXCR3","TRBC1",0.252507979816514
"ENSG00000235576","TRBC1",0.258387993413013
"CD8B","TRBC1",0.254425016369428
"ENSG00000277489","KRT222",0.257263185989476
"TUBAL3","KRT222",0.283105959494349
"ENSG00000205018","KRT222",0.25618715073008
"LCN10","KRT222",0.300441922925285
"LINC01117","KRT222",0.262727430549236
"SCNN1B","KRT222",0.262475203837173
"EFCC1","KRT222",0.287193459661479
"HOXD1","KRT222",0.252351569776603
"GPR182","KRT222",0.289380915990563
"LYPD2","KRT222",0.278452949104986
"ENSG00000227160","KRT222",0.257880801482992
"GDF3","KRT222",0.266566151173025
"MYCN","KRT222",0.287973381531281
"ENSG00000258691","KRT222",0.251136848561978
"AVPR2","KRT222",0.27980989246593
"ENSG00000249772","KRT222",0.284798322567772
"ENSG00000214578","KRT222",0.276825725091777
"N4BP3","KRT222",0.277548841112372
"ENSG00000259124","KRT222",0.289126072760653
"FCN3","KRT222",0.327426448053481
"ENSG00000226252","KRT222",0.264629118207687
"DHH","KRT222",0.268375921797917
"TPO","KRT222",0.285941646663136
"TFF3","KRT222",0.308796116472417
"COL17A1","KRT222",0.295452005602602
"LCN6","KRT222",0.317703327355439
"ENSG00000204003","KRT222",0.360678791202143
"SEMA3G","KRT222",0.324026799584854
"HAGLR","KRT222",0.294873810148357
"ADAMTS18","KRT222",0.272759651524892
"ENSG00000226363","KRT222",0.305691590102137
"TLL1","KRT222",0.310477467490841
"ENSG00000226197","KRT222",0.30806731485628
"ENSG00000237004","KRT222",0.272607768312917
"FCN3","CBX2",0.270892080386096
"ENSG00000204003","CBX2",0.284328639893738
"KRT222","CBX2",0.265453497767934
"FCN3","ENSG00000278648",0.262140020181333
"ENSG00000204003","ENSG00000278648",0.268769061167698
"SEMA3G","ENSG00000278648",0.252654884862463
"KRT222","ENSG00000278648",0.261653307812161
"P2RY10","C11orf21",0.256822960543012
"FCN3","INHBB",0.283601886160668
"COL17A1","INHBB",0.264899826078146
"ENSG00000204003","INHBB",0.281270103348197
"SEMA3G","INHBB",0.289764840789617
"TLL1","INHBB",0.278569416456896
"ENSG00000226197","INHBB",0.262849720238191
"KRT222","INHBB",0.266146971392207
"TRBV20-1","CD3E",0.251720730679497
"TRAT1","CD3E",0.302578185684337
"IFNG","CD3E",0.288209710048487
"FASLG","CD3E",0.266084199134482
"TRGC1","CD3E",0.253236490880444
"UBASH3A","CD3E",0.275700975464827
"TRAV8-3","CD3E",0.252552943244383
"GZMH","CD3E",0.309014111834288
"P2RY10","CD3E",0.305423030841239
"XCL2","CD3E",0.30202341541415
"LINC00892","CD3E",0.259146733480767
"XCL1","CD3E",0.258802726328046
"EOMES","CD3E",0.30327443037235
"ICOS","CD3E",0.317043531590591
"ZAP70","CD3E",0.297224273255856
"CXCR3","CD3E",0.293583960980841
"ENSG00000235576","CD3E",0.287231455409993
"CD40LG","CD3E",0.265073041116298
"CD7","CD3E",0.256130352182404
"CD8B","CD3E",0.293430185716059
"TRBC1","CD3E",0.252526768191448
"FCN3","GPIHBP1",0.286105801567181
"LCN6","GPIHBP1",0.272322430503784
"ENSG00000204003","GPIHBP1",0.310120771099549
"SEMA3G","GPIHBP1",0.28727141609624
"TLL1","GPIHBP1",0.256516257664373
"KRT222","GPIHBP1",0.275624201913347
"ENSG00000277489","ENSG00000237380",0.264662820948064
"TUBAL3","ENSG00000237380",0.281355281430909
"ENSG00000205018","ENSG00000237380",0.25951879023185
"LCN10","ENSG00000237380",0.282311354988399
"EFCC1","ENSG00000237380",0.289313649044339
"HOXD1","ENSG00000237380",0.263168510181764
"GPR182","ENSG00000237380",0.293453035534628
"LYPD2","ENSG00000237380",0.254208910719184
"ENSG00000227160","ENSG00000237380",0.260669219719024
"GDF3","ENSG00000237380",0.261959891061694
"MYCN","ENSG00000237380",0.26695093639824
"SLC6A3","ENSG00000237380",0.250231084078046
"AVPR2","ENSG00000237380",0.276072648770761
"ENSG00000249772","ENSG00000237380",0.279435416654838
"ENSG00000214578","ENSG00000237380",0.25375185915789
"N4BP3","ENSG00000237380",0.268548384859164
"ENSG00000259124","ENSG00000237380",0.25445607482017
"FCN3","ENSG00000237380",0.330313911060271
"DHH","ENSG00000237380",0.268795865898638
"TPO","ENSG00000237380",0.267692087410937
"TFF3","ENSG00000237380",0.300179427380708
"COL17A1","ENSG00000237380",0.302371458721985
"LCN6","ENSG00000237380",0.326928991779493
"ENSG00000204003","ENSG00000237380",0.359797434645743
"SEMA3G","ENSG00000237380",0.321402351988183
"HAGLR","ENSG00000237380",0.28873261129659
"ADAMTS18","ENSG00000237380",0.279694494537375
"ENSG00000226363","ENSG00000237380",0.278330807688633
"TLL1","ENSG00000237380",0.304632454831356
"ENSG00000226197","ENSG00000237380",0.306177906166743
"ENSG00000237004","ENSG00000237380",0.277475297353708
"KRT222","ENSG00000237380",0.313146277226949
"INHBB","ENSG00000237380",0.261633710057384
"GPIHBP1","ENSG00000237380",0.257558374478718
"ENSG00000273650","LHX6",0.280385259819595
"LINC01915","LHX6",0.259446290111892
"ENSG00000277489","LHX6",0.282403825347944
"TUBAL3","LHX6",0.308787740433367
"ENSG00000205018","LHX6",0.26893608588563
"ENSG00000280032","LHX6",0.266355375459064
"LCN10","LHX6",0.301089081494637
"LINC01117","LHX6",0.257909706318567
"EFCC1","LHX6",0.303819374855846
"HOXD1","LHX6",0.2829242068432
"GPR182","LHX6",0.305928408055942
"LYPD2","LHX6",0.288154196150739
"ENSG00000227160","LHX6",0.269566232214201
"GDF3","LHX6",0.291161631200483
"MYCN","LHX6",0.299290147585543
"SLC6A3","LHX6",0.273650499034397
"MYLK-AS2","LHX6",0.253545201364528
"ENSG00000258691","LHX6",0.25755186346755
"AVPR2","LHX6",0.300838567724917
"ENSG00000249772","LHX6",0.283430829266
"ENSG00000214578","LHX6",0.289320442813598
"N4BP3","LHX6",0.301793243749678
"ENSG00000259124","LHX6",0.296783385320182
"FCN3","LHX6",0.350516694250782
"ENSG00000226252","LHX6",0.299580770795616
"DHH","LHX6",0.298986234688386
"TPO","LHX6",0.295762547673718
"TFF3","LHX6",0.326130371040746
"COL17A1","LHX6",0.303956322239236
"LCN6","LHX6",0.327545499645043
"ENSG00000204003","LHX6",0.362452614481211
"SEMA3G","LHX6",0.326669938578509
"HAGLR","LHX6",0.31436768334663
"ADAMTS18","LHX6",0.305040612641597
"ENSG00000226363","LHX6",0.32334103521225
"TLL1","LHX6",0.334328376863595
"ENSG00000226197","LHX6",0.329130814055253
"ENSG00000237004","LHX6",0.288066608011682
"KRT222","LHX6",0.327508724656967
"CBX2","LHX6",0.282797423204176
"ENSG00000278648","LHX6",0.268231412840931
"INHBB","LHX6",0.294763309480051
"GPIHBP1","LHX6",0.29808542853314
"ENSG00000237380","LHX6",0.334142403171272
"ENSG00000260197","TXLNGY",0.283734601976088
"ENSG00000278722","KIF26A",0.282365599840439
"ENSG00000257346","KIF26A",0.285726963176036
"ENSG00000277489","KIF26A",0.263170830702526
"MIR126","KIF26A",0.256240525296087
"TUBAL3","KIF26A",0.274486296696031
"ENSG00000280032","KIF26A",0.302883202296789
"LCN10","KIF26A",0.25540083965484
"EFCC1","KIF26A",0.258277347665522
"GATA5","KIF26A",0.282175443373766
"HOXD1","KIF26A",0.291017373157545
"LYPD2","KIF26A",0.275593170803044
"GDF3","KIF26A",0.315101012618615
"MYCN","KIF26A",0.263838424553377
"SLC6A3","KIF26A",0.309106547137245
"MYLK-AS2","KIF26A",0.252986628209882
"AVPR2","KIF26A",0.255194111179472
"ENSG00000214578","KIF26A",0.2688599333786
"ENSG00000259124","KIF26A",0.260984861806414
"FCN3","KIF26A",0.313606804646922
"ENSG00000226252","KIF26A",0.256443113441829
"DHH","KIF26A",0.329030512077107
"TFF3","KIF26A",0.29538251877859
"COL17A1","KIF26A",0.273174507575524
"LCN6","KIF26A",0.349757308857233
"ENSG00000204003","KIF26A",0.366398958324497
"SEMA3G","KIF26A",0.307896283775988
"HAGLR","KIF26A",0.257127217891143
"ADAMTS18","KIF26A",0.30856191017655
"ENSG00000226363","KIF26A",0.258722672223317
"TLL1","KIF26A",0.290405616561891
"ENSG00000226197","KIF26A",0.291492237631643
"KRT222","KIF26A",0.294992838130316
"GPIHBP1","KIF26A",0.264984383595407
"ENSG00000237380","KIF26A",0.290747486693958
"LHX6","KIF26A",0.321967572778176
"FCN3","ANKRD20A17P",0.25836212046721
"ENSG00000204003","ANKRD20A17P",0.266790121207438
"SEMA3G","ANKRD20A17P",0.265833489660842
"HAGLR","ANKRD20A17P",0.251277030274627
"TLL1","ANKRD20A17P",0.254556680581865
"ENSG00000226197","ANKRD20A17P",0.270576661153828
"KRT222","ANKRD20A17P",0.25333144727654
"TRAT1","CD8A",0.307282753207276
"IFNG","CD8A",0.277820443739649
"FASLG","CD8A",0.257779675076789
"TRGC1","CD8A",0.258314712721532
"UBASH3A","CD8A",0.2725960976713
"GZMH","CD8A",0.300318659340969
"P2RY10","CD8A",0.313189295951653
"XCL2","CD8A",0.291598637555592
"LINC00892","CD8A",0.253258967329515
"XCL1","CD8A",0.252196740563696
"EOMES","CD8A",0.287020025910343
"ICOS","CD8A",0.3040960927379
"ZAP70","CD8A",0.288129736401359
"CXCR3","CD8A",0.303964153833667
"ENSG00000235576","CD8A",0.294390982737795
"CD8B","CD8A",0.301837214969038
"CD3E","CD8A",0.296204049626066
"ADGRA1","ENSG00000244468",0.264320122788548
"ENSG00000273650","ENSG00000244468",0.269378978778235
"LINC01915","ENSG00000244468",0.29506895809356
"HOXD9","ENSG00000244468",0.251685806292745
"ENSG00000199927","ENSG00000244468",0.281181544276179
"ENSG00000281710","ENSG00000244468",0.281181544276179
"ENSG00000277489","ENSG00000244468",0.311892426757161
"TUBAL3","ENSG00000244468",0.328409116260483
"ENSG00000205018","ENSG00000244468",0.285200971222376
"ZSWIM2","ENSG00000244468",0.267816745306854
"ENSG00000280032","ENSG00000244468",0.267260471838286
"LCN10","ENSG00000244468",0.315606780580288
"LINC01117","ENSG00000244468",0.267508317765272
"SCNN1B","ENSG00000244468",0.2526013646783
"EFCC1","ENSG00000244468",0.320230708157147
"HOXD1","ENSG00000244468",0.299762425384032
"GPR182","ENSG00000244468",0.295269788373856
"C1QTNF9","ENSG00000244468",0.26449225555796
"LYPD2","ENSG00000244468",0.276388824004942
"LOC441179","ENSG00000244468",0.276803793780856
"ENSG00000227160","ENSG00000244468",0.298880961078313
"GDF3","ENSG00000244468",0.297890602168447
"MYCN","ENSG00000244468",0.320631926712758
"SLC6A3","ENSG00000244468",0.284384393395725
"MYLK-AS2","ENSG00000244468",0.280809948727023
"ENSG00000258691","ENSG00000244468",0.273058384708673
"AVPR2","ENSG00000244468",0.322752831341931
"ENSG00000249772","ENSG00000244468",0.302625362537013
"ENSG00000214578","ENSG00000244468",0.31033678732498
"N4BP3","ENSG00000244468",0.283229643622072
"ENSG00000259124","ENSG00000244468",0.28059780447339
"FCN3","ENSG00000244468",0.34444581207758
"ENSG00000226252","ENSG00000244468",0.260932131872497
"DHH","ENSG00000244468",0.298609835206538
"TPO","ENSG00000244468",0.289786283322079
"TFF3","ENSG00000244468",0.34562648254394
"COL17A1","ENSG00000244468",0.310634254752502
"LCN6","ENSG00000244468",0.338828549329884
"ENSG00000204003","ENSG00000244468",0.368909260362921
"SEMA3G","ENSG00000244468",0.325296684250077
"HAGLR","ENSG00000244468",0.314800341121622
"HOXD3","ENSG00000244468",0.267725250501658
"ADAMTS18","ENSG00000244468",0.321534759860467
"ENSG00000226363","ENSG00000244468",0.29176083100553
"TLL1","ENSG00000244468",0.340708697734394
"ENSG00000226197","ENSG00000244468",0.342140835117939
"GRAPL","ENSG00000244468",0.270895387613126
"ENSG00000237004","ENSG00000244468",0.277782882642831
"KRT222","ENSG00000244468",0.323320654748126
"CBX2","ENSG00000244468",0.254420545892955
"INHBB","ENSG00000244468",0.27292337781415
"GPIHBP1","ENSG00000244468",0.275378641410779
"ENSG00000237380","ENSG00000244468",0.327727863391406
"LHX6","ENSG00000244468",0.330430141705753
"KIF26A","ENSG00000244468",0.318283199994757
"ANKRD20A17P","ENSG00000244468",0.260357915609655
"ENSG00000280032","ST6GALNAC1",0.256697210261946
"LYPD2","ST6GALNAC1",0.272797939429906
"GDF3","ST6GALNAC1",0.273135592600169
"ENSG00000259124","ST6GALNAC1",0.299043091294149
"FCN3","ST6GALNAC1",0.297329610341293
"ENSG00000226252","ST6GALNAC1",0.250321196493391
"DHH","ST6GALNAC1",0.277531374915816
"TFF3","ST6GALNAC1",0.260565402827329
"LCN6","ST6GALNAC1",0.313134958288033
"ENSG00000204003","ST6GALNAC1",0.348036282427185
"SEMA3G","ST6GALNAC1",0.291806465660454
"ENSG00000226363","ST6GALNAC1",0.26749231133431
"TLL1","ST6GALNAC1",0.263931346822816
"KRT222","ST6GALNAC1",0.295268138762434
"CBX2","ST6GALNAC1",0.254124329280036
"ENSG00000237380","ST6GALNAC1",0.274113000033559
"LHX6","ST6GALNAC1",0.308888828796418
"KIF26A","ST6GALNAC1",0.29416360531134
"ENSG00000244468","ST6GALNAC1",0.289134438475402
"LCN6","VWFP1",0.273335583571534
"ENSG00000204003","VWFP1",0.283303007914609
"KIF26A","VWFP1",0.250450674865701
"ENSG00000260197","ZFY",0.291034473230258
"TXLNGY","ZFY",0.614490330193696
"LCN6","LINC01843",0.250281515758685
"ENSG00000204003","LINC01843",0.281033155686007
"KIF26A","LINC01843",0.252653452536345
"TRAT1","GZMK",0.252493044426156
"UBASH3A","GZMK",0.253904182856865
"P2RY10","GZMK",0.261173246784825
"ICOS","GZMK",0.250338569570356
"CXCR3","GZMK",0.257877467202949
"ENSG00000235576","GZMK",0.255132340205121
"CD8B","GZMK",0.263280000820363
"CD3E","GZMK",0.267299641107683
"ENSG00000257346","ENSG00000228401",0.272307296753675
"ENSG00000280032","ENSG00000228401",0.263611781905769
"GATA5","ENSG00000228401",0.254915504611997
"CLDN10-AS1","ENSG00000228401",0.271607040551659
"GDF3","ENSG00000228401",0.277673182380868
"SLC6A3","ENSG00000228401",0.251174427646011
"FCN3","ENSG00000228401",0.27616055129549
"OTC","ENSG00000228401",0.253258499709102
"DHH","ENSG00000228401",0.284670841849033
"TFF3","ENSG00000228401",0.253076618696278
"LCN6","ENSG00000228401",0.327096934997256
"ENSG00000204003","ENSG00000228401",0.335475245600413
"SEMA3G","ENSG00000228401",0.273778106896188
"ADAMTS18","ENSG00000228401",0.256359669761604
"TLL1","ENSG00000228401",0.250914642176314
"KRT222","ENSG00000228401",0.263556805584555
"ENSG00000237380","ENSG00000228401",0.255908923886354
"LHX6","ENSG00000228401",0.285128136002913
"KIF26A","ENSG00000228401",0.299859950039826
"ENSG00000244468","ENSG00000228401",0.2770732182509
"ST6GALNAC1","ENSG00000228401",0.279282501514453
"ENSG00000280032","ENSG00000249797",0.250218046283541
"GDF3","ENSG00000249797",0.295254167848171
"ENSG00000259124","ENSG00000249797",0.2567871930824
"FCN3","ENSG00000249797",0.294608366902198
"DHH","ENSG00000249797",0.27377052796807
"TFF3","ENSG00000249797",0.287139901868888
"LCN6","ENSG00000249797",0.339533276913508
"ENSG00000204003","ENSG00000249797",0.361036962155247
"SEMA3G","ENSG00000249797",0.280317251428988
"ADAMTS18","ENSG00000249797",0.260158631390613
"TLL1","ENSG00000249797",0.273298142272287
"ENSG00000226197","ENSG00000249797",0.251412774127804
"KRT222","ENSG00000249797",0.289755739354748
"ENSG00000237380","ENSG00000249797",0.267354233454571
"LHX6","ENSG00000249797",0.299863313271581
"KIF26A","ENSG00000249797",0.304532376107722
"ENSG00000244468","ENSG00000249797",0.304699103977942
"ST6GALNAC1","ENSG00000249797",0.301898396218277
"ENSG00000228401","ENSG00000249797",0.274234502094272
"TUBAL3","FGF12",0.275359263850477
"LCN10","FGF12",0.27435842769002
"EFCC1","FGF12",0.271045264868781
"GPR182","FGF12",0.262063593445353
"LYPD2","FGF12",0.259352355554232
"MYCN","FGF12",0.271374724331242
"AVPR2","FGF12",0.265203563100044
"ENSG00000214578","FGF12",0.272835731744652
"FCN3","FGF12",0.32425500081954
"ENSG00000226252","FGF12",0.257400335385922
"DHH","FGF12",0.252826502956823
"TFF3","FGF12",0.279266027255274
"COL17A1","FGF12",0.291758996848594
"LCN6","FGF12",0.315958337750863
"ENSG00000204003","FGF12",0.353532718335992
"SEMA3G","FGF12",0.32433095079658
"HAGLR","FGF12",0.273445470069322
"ADAMTS18","FGF12",0.255941198941776
"ENSG00000226363","FGF12",0.271831376414969
"TLL1","FGF12",0.303768038295596
"ENSG00000226197","FGF12",0.298379723513149
"KRT222","FGF12",0.307547465573024
"INHBB","FGF12",0.262456026889281
"GPIHBP1","FGF12",0.261302281169587
"ENSG00000237380","FGF12",0.298100641356734
"LHX6","FGF12",0.329565493268781
"KIF26A","FGF12",0.287259305653114
"ENSG00000244468","FGF12",0.324660768063928
"ST6GALNAC1","FGF12",0.255943266023273
"ENSG00000204003","ZDHHC11B",0.270877066411474
"ENSG00000244468","ZDHHC11B",0.254695521732027
"LCN10","HOXD8",0.262914409460256
"FCN3","HOXD8",0.303571235500296
"COL17A1","HOXD8",0.268169249586677
"LCN6","HOXD8",0.256173250737682
"ENSG00000204003","HOXD8",0.308160134451367
"SEMA3G","HOXD8",0.296299082789229
"HAGLR","HOXD8",0.261692369321301
"TLL1","HOXD8",0.273228046390378
"ENSG00000226197","HOXD8",0.280055493433507
"KRT222","HOXD8",0.299117803141688
"ENSG00000237380","HOXD8",0.277659494095882
"LHX6","HOXD8",0.296992432742455
"ENSG00000244468","HOXD8",0.283785911194078
"FGF12","HOXD8",0.262157628385619
"FCN3","KLHL4",0.270344531382766
"TFF3","KLHL4",0.258351923065556
"LCN6","KLHL4",0.281478463573729
"ENSG00000204003","KLHL4",0.306077218293941
"SEMA3G","KLHL4",0.255564303714006
"TLL1","KLHL4",0.25821874298953
"KRT222","KLHL4",0.252147257336927
"LHX6","KLHL4",0.28336830157971
"KIF26A","KLHL4",0.262928769552253
"ENSG00000244468","KLHL4",0.269548523469945
"ST6GALNAC1","KLHL4",0.271171451816815
"TRAT1","ENSG00000272529",0.306021089050555
"IFNG","ENSG00000272529",0.282910213708315
"FASLG","ENSG00000272529",0.255844066578492
"TRGC1","ENSG00000272529",0.251979126913844
"UBASH3A","ENSG00000272529",0.271777451534751
"GZMH","ENSG00000272529",0.287431532710511
"P2RY10","ENSG00000272529",0.322122742409471
"XCL2","ENSG00000272529",0.296016628857461
"EOMES","ENSG00000272529",0.283339901661074
"ICOS","ENSG00000272529",0.306990500167695
"ZAP70","ENSG00000272529",0.263527917763428
"CXCR3","ENSG00000272529",0.305294254736718
"ENSG00000235576","ENSG00000272529",0.302166110112598
"CD8B","ENSG00000272529",0.301773730856905
"CD3E","ENSG00000272529",0.297613495572351
"CD8A","ENSG00000272529",0.287913155163211
"ENSG00000278722","ANO2",0.265759899675819
"ENSG00000257346","ANO2",0.270082132273761
"ENSG00000280032","ANO2",0.300775750429853
"GATA5","ANO2",0.285032516822615
"CLDN10-AS1","ANO2",0.260969242941056
"GDF3","ANO2",0.303882654399739
"SLC6A3","ANO2",0.297632201846129
"FCN3","ANO2",0.265432297429512
"OTC","ANO2",0.269719192753735
"DHH","ANO2",0.299129299821344
"TFF3","ANO2",0.257545607869499
"LCN6","ANO2",0.335892108156905
"ENSG00000204003","ANO2",0.331221018968536
"SEMA3G","ANO2",0.257731676434063
"ADAMTS18","ANO2",0.287645961127578
"TLL1","ANO2",0.250702247161768
"LHX6","ANO2",0.2764633227033
"KIF26A","ANO2",0.30897216496097
"ENSG00000244468","ANO2",0.281820542884758
"ST6GALNAC1","ANO2",0.26136099913049
"ENSG00000228401","ANO2",0.267650762222091
"ENSG00000249797","ANO2",0.274438312368365
"ENSG00000259124","BDKRB2",0.261564145980266
"FCN3","BDKRB2",0.317494701531049
"ENSG00000226252","BDKRB2",0.257914872846921
"TFF3","BDKRB2",0.26127397834987
"COL17A1","BDKRB2",0.266948065882088
"LCN6","BDKRB2",0.310360664428674
"ENSG00000204003","BDKRB2",0.349683401587632
"SEMA3G","BDKRB2",0.309158009484899
"ENSG00000226363","BDKRB2",0.268207473140087
"TLL1","BDKRB2",0.289168105136397
"ENSG00000226197","BDKRB2",0.269497939349089
"KRT222","BDKRB2",0.302871429224814
"ENSG00000237380","BDKRB2",0.284536599001415
"LHX6","BDKRB2",0.331171658284762
"KIF26A","BDKRB2",0.292620032477551
"ENSG00000244468","BDKRB2",0.304653822167813
"ST6GALNAC1","BDKRB2",0.281945242009763
"FGF12","BDKRB2",0.279326046441521
"LOC100131785","GZMA",0.257252293036959
"TRBV20-1","GZMA",0.250975175309914
"TRAT1","GZMA",0.280816488385072
"IFNG","GZMA",0.255629524756833
"UBASH3A","GZMA",0.274175677322555
"GZMH","GZMA",0.27910991538627
"P2RY10","GZMA",0.291340643353938
"XCL2","GZMA",0.276227865985456
"EOMES","GZMA",0.278015097628115
"ICOS","GZMA",0.30039013215322
"ZAP70","GZMA",0.28477658351909
"CXCR3","GZMA",0.280316090953247
"ENSG00000235576","GZMA",0.282213437164833
"CD40LG","GZMA",0.252374392440893
"CD7","GZMA",0.254147698631268
"CD8B","GZMA",0.282689859587344
"TRBC1","GZMA",0.257191741918246
"CD3E","GZMA",0.287965785904331
"CD8A","GZMA",0.271851372961728
"GZMK","GZMA",0.272370319601699
"ENSG00000272529","GZMA",0.284207267706676
"TRAT1","CD3D",0.25076304216835
"UBASH3A","CD3D",0.251389616814458
"P2RY10","CD3D",0.257152723864299
"XCL2","CD3D",0.254278190868486
"EOMES","CD3D",0.25651930123647
"ICOS","CD3D",0.273474794246518
"ZAP70","CD3D",0.26557002142605
"CXCR3","CD3D",0.262406206882515
"SIRPG","CD3D",0.251387489817075
"ENSG00000235576","CD3D",0.263987804919958
"CD8B","CD3D",0.263319769515339
"TRBC1","CD3D",0.263065252804679
"CD3E","CD3D",0.268260886952069
"CD8A","CD3D",0.255137300155991
"GZMK","CD3D",0.264179866933214
"ENSG00000272529","CD3D",0.255218351236206
"GZMA","CD3D",0.273138290903599
"LINC01915","MEOX1",0.257557748983932
"TUBAL3","MEOX1",0.283203546085393
"LCN10","MEOX1",0.27105282328989
"EFCC1","MEOX1",0.260517376718584
"HOXD1","MEOX1",0.25251526321162
"LOC441179","MEOX1",0.250029885060466
"ENSG00000227160","MEOX1",0.258651905192009
"MYCN","MEOX1",0.25934856472394
"AVPR2","MEOX1",0.27793358394518
"FCN3","MEOX1",0.299223730122247
"TFF3","MEOX1",0.268765173046082
"COL17A1","MEOX1",0.290799398096042
"LCN6","MEOX1",0.321924086359181
"ENSG00000204003","MEOX1",0.332261999170452
"SEMA3G","MEOX1",0.302093404108467
"HAGLR","MEOX1",0.262865921398288
"ADAMTS18","MEOX1",0.272619748566958
"TLL1","MEOX1",0.300988957838653
"ENSG00000226197","MEOX1",0.313330165648574
"KRT222","MEOX1",0.27344215147357
"ENSG00000237380","MEOX1",0.277329034382283
"LHX6","MEOX1",0.299377402352858
"KIF26A","MEOX1",0.269326167663338
"ENSG00000244468","MEOX1",0.315809900265735
"FGF12","MEOX1",0.255870897471169
"GDF3","ENSG00000242795",0.253017065936083
"FCN3","ENSG00000242795",0.283481807094503
"DHH","ENSG00000242795",0.253368086342017
"LCN6","ENSG00000242795",0.305051055644205
"ENSG00000204003","ENSG00000242795",0.323513082220431
"SEMA3G","ENSG00000242795",0.272110656418148
"KRT222","ENSG00000242795",0.264432173619116
"ENSG00000237380","ENSG00000242795",0.272294259349154
"LHX6","ENSG00000242795",0.293090039909504
"KIF26A","ENSG00000242795",0.2896981459216
"ENSG00000244468","ENSG00000242795",0.269278126397867
"ST6GALNAC1","ENSG00000242795",0.276129827474015
"ENSG00000228401","ENSG00000242795",0.251854663436444
"NPY","KCNQ2",0.262875380616708
"CAMKV","KCNQ2",0.261617301986367
"ENSG00000204003","CPLX1",0.250140883058155
"ST6GALNAC1","CPLX1",0.269277736368851
"ENSG00000249797","CPLX1",0.258551822897774
"ENSG00000278722","CCM2L",0.280198433066748
"ENSG00000257346","CCM2L",0.281133651469778
"ENSG00000277489","CCM2L",0.250302910420368
"TUBAL3","CCM2L",0.266291938578156
"ENSG00000280032","CCM2L",0.291485833566303
"LCN10","CCM2L",0.258252705078936
"EFCC1","CCM2L",0.253619685736765
"GATA5","CCM2L",0.272208317519122
"HOXD1","CCM2L",0.280722822314914
"GPR182","CCM2L",0.25936142802595
"LYPD2","CCM2L",0.28784830715639
"GDF3","CCM2L",0.308929444770962
"MYCN","CCM2L",0.261524569047928
"SLC6A3","CCM2L",0.290767149046426
"AVPR2","CCM2L",0.250023844325334
"ENSG00000214578","CCM2L",0.270500740164323
"TMEM252","CCM2L",0.251577531724824
"N4BP3","CCM2L",0.250570568325152
"ENSG00000259124","CCM2L",0.291406633754504
"FCN3","CCM2L",0.333117471072674
"ENSG00000226252","CCM2L",0.277865919484484
"DHH","CCM2L",0.325606086956343
"TFF3","CCM2L",0.299997900969671
"COL17A1","CCM2L",0.27694647868182
"LCN6","CCM2L",0.352760683652893
"ENSG00000204003","CCM2L",0.378388679865332
"SEMA3G","CCM2L",0.320054123125507
"HAGLR","CCM2L",0.261648844079647
"ADAMTS18","CCM2L",0.297524727788053
"ENSG00000226363","CCM2L",0.292042355533479
"TLL1","CCM2L",0.299358359811875
"ENSG00000226197","CCM2L",0.293529096964894
"KRT222","CCM2L",0.312618352118698
"CBX2","CCM2L",0.257276218908498
"GPIHBP1","CCM2L",0.280890737184904
"ENSG00000237380","CCM2L",0.302601056868068
"LHX6","CCM2L",0.339904341461862
"KIF26A","CCM2L",0.327154199870731
"ENSG00000244468","CCM2L",0.327788469177244
"ST6GALNAC1","CCM2L",0.310916672581744
"LINC01843","CCM2L",0.259036220367848
"ENSG00000228401","CCM2L",0.302955082644986
"ENSG00000249797","CCM2L",0.316059322607675
"FGF12","CCM2L",0.295848251642278
"KLHL4","CCM2L",0.280393234216936
"ANO2","CCM2L",0.298865103010789
"BDKRB2","CCM2L",0.311608731709896
"MEOX1","CCM2L",0.259926379693592
"ENSG00000242795","CCM2L",0.296849897093145
"ENSG00000204003","ENSG00000274204",0.254212075710036
"GDF3","TACR1",0.254564747718339
"FCN3","TACR1",0.316617276845045
"TFF3","TACR1",0.262231910507286
"COL17A1","TACR1",0.264209410570421
"LCN6","TACR1",0.319906907603311
"ENSG00000204003","TACR1",0.354893726452164
"SEMA3G","TACR1",0.307995707273537
"TLL1","TACR1",0.284798033015797
"ENSG00000226197","TACR1",0.279149142600625
"KRT222","TACR1",0.303239016532757
"ENSG00000237380","TACR1",0.28273204637293
"LHX6","TACR1",0.322334823884084
"KIF26A","TACR1",0.298020274872293
"ENSG00000244468","TACR1",0.307703133409825
"ST6GALNAC1","TACR1",0.283227285170382
"FGF12","TACR1",0.2696307492878
"BDKRB2","TACR1",0.262097353918789
"CCM2L","TACR1",0.313068186872977
"ENSG00000260197","DDX3Y",0.297867769772976
"TXLNGY","DDX3Y",0.638382555343808
"ZFY","DDX3Y",0.643266029614499
"ENSG00000280032","ENSG00000281682",0.254634990996939
"GDF3","ENSG00000281682",0.295561969501292
"FCN3","ENSG00000281682",0.278188362155571
"DHH","ENSG00000281682",0.280970557825268
"TFF3","ENSG00000281682",0.275858053825856
"LCN6","ENSG00000281682",0.337047551015033
"ENSG00000204003","ENSG00000281682",0.347180968429866
"SEMA3G","ENSG00000281682",0.263299061677257
"ADAMTS18","ENSG00000281682",0.256550666365541
"TLL1","ENSG00000281682",0.25610616548643
"KRT222","ENSG00000281682",0.272354020833944
"ENSG00000237380","ENSG00000281682",0.253513370917714
"LHX6","ENSG00000281682",0.282518047445701
"KIF26A","ENSG00000281682",0.298430334392853
"ENSG00000244468","ENSG00000281682",0.286466123446051
"ST6GALNAC1","ENSG00000281682",0.293917073927599
"ENSG00000228401","ENSG00000281682",0.284048926620275
"ENSG00000249797","ENSG00000281682",0.289227286200716
"ANO2","ENSG00000281682",0.279107154346777
"CCM2L","ENSG00000281682",0.308010800751521
"CD3E","SH2D1A",0.250372348437416
"GZMA","SH2D1A",0.25830631651655
"CD3D","SH2D1A",0.26130114581719
"FCN3","SPINK5",0.253932649950642
"ENSG00000204003","SPINK5",0.258421863591653
"SEMA3G","SPINK5",0.273582601718816
"HAGLR","SPINK5",0.259490236968545
"ENSG00000226197","SPINK5",0.263732654476381
"LHX6","SPINK5",0.251424855859174
"TUBAL3","CCL15",0.27133468438712
"LCN10","CCL15",0.269197110415528
"ENSG00000227160","CCL15",0.256629004942135
"MYCN","CCL15",0.257794032275934
"AVPR2","CCL15",0.270984062239544
"FCN3","CCL15",0.300295802113947
"TFF3","CCL15",0.293365841736342
"COL17A1","CCL15",0.285517662472179
"LCN6","CCL15",0.332495246054918
"ENSG00000204003","CCL15",0.338439952667272
"SEMA3G","CCL15",0.295452247498652
"ADAMTS18","CCL15",0.27394611732244
"TLL1","CCL15",0.307505750499881
"ENSG00000226197","CCL15",0.299985499752922
"KRT222","CCL15",0.276182068549145
"ENSG00000237380","CCL15",0.274750817648492
"LHX6","CCL15",0.298650060077126
"KIF26A","CCL15",0.26930591644988
"ENSG00000244468","CCL15",0.324319948855347
"FGF12","CCL15",0.253636119487274
"MEOX1","CCL15",0.250027621961261
"CCM2L","CCL15",0.269453093130187
"GDF3","SELE",0.2510483115723
"FCN3","SELE",0.282546480694437
"TFF3","SELE",0.279988666633233
"LCN6","SELE",0.297188213169019
"ENSG00000204003","SELE",0.337361959889034
"SEMA3G","SELE",0.271562211270693
"TLL1","SELE",0.270641558666968
"KRT222","SELE",0.287399553324874
"ENSG00000237380","SELE",0.251224725272423
"LHX6","SELE",0.287655936629259
"KIF26A","SELE",0.265468617451925
"ENSG00000244468","SELE",0.296256388714529
"ST6GALNAC1","SELE",0.285960419632437
"ENSG00000249797","SELE",0.270961139823746
"CCM2L","SELE",0.28580208601551
"ENSG00000204003","ELFN1",0.280229797496207
"LHX6","ELFN1",0.262623248595192
"ST6GALNAC1","ELFN1",0.255028508046126
"CCM2L","ELFN1",0.250899423829518
"LYPD2","SOX17",0.257915690769339
"GDF3","SOX17",0.263940749868744
"ENSG00000259124","SOX17",0.307159324753395
"FCN3","SOX17",0.315064706815082
"DHH","SOX17",0.253742821218514
"TFF3","SOX17",0.287958981039082
"COL17A1","SOX17",0.262767900009024
"LCN6","SOX17",0.323062157236365
"ENSG00000204003","SOX17",0.362775818378263
"SEMA3G","SOX17",0.300648153047568
"ENSG00000226363","SOX17",0.263635871594581
"TLL1","SOX17",0.291208484288104
"ENSG00000226197","SOX17",0.261103129363026
"KRT222","SOX17",0.310729770438418
"CBX2","SOX17",0.260103852670553
"ENSG00000237380","SOX17",0.282889943157157
"LHX6","SOX17",0.322416838142376
"KIF26A","SOX17",0.295013228770919
"ENSG00000244468","SOX17",0.316551627871243
"ST6GALNAC1","SOX17",0.302605130342845
"ENSG00000249797","SOX17",0.299387685890435
"FGF12","SOX17",0.270696170212729
"KLHL4","SOX17",0.272510518394711
"BDKRB2","SOX17",0.272486295568535
"CPLX1","SOX17",0.29598241676821
"CCM2L","SOX17",0.31650141816945
"TACR1","SOX17",0.263506605504404
"ENSG00000281682","SOX17",0.287379430115361
"SELE","SOX17",0.304347226840995
"FCN3","ENSG00000278500",0.276028096372629
"COL17A1","ENSG00000278500",0.25309091892323
"LCN6","ENSG00000278500",0.262081939513453
"ENSG00000204003","ENSG00000278500",0.292928919138053
"SEMA3G","ENSG00000278500",0.283763162011938
"ENSG00000226197","ENSG00000278500",0.257281150781718
"KRT222","ENSG00000278500",0.272699275092662
"ENSG00000237380","ENSG00000278500",0.258685813802124
"LHX6","ENSG00000278500",0.276637801304609
"ENSG00000244468","ENSG00000278500",0.259571529985902
"GDF3","RAB3C",0.253588332121061
"FCN3","RAB3C",0.292233842851609
"LCN6","RAB3C",0.306844767079695
"ENSG00000204003","RAB3C",0.340894238772864
"SEMA3G","RAB3C",0.285710014873349
"TLL1","RAB3C",0.25057290420515
"KRT222","RAB3C",0.292994898533002
"ENSG00000237380","RAB3C",0.27009438448116
"LHX6","RAB3C",0.303928892047028
"KIF26A","RAB3C",0.289637137820878
"ENSG00000244468","RAB3C",0.276034448172735
"ST6GALNAC1","RAB3C",0.306854189258355
"ENSG00000228401","RAB3C",0.257715375474703
"BDKRB2","RAB3C",0.255106447474888
"CCM2L","RAB3C",0.310589856892052
"SOX17","RAB3C",0.275559532396634
"ENSG00000260197","RPS4Y1",0.299145193437136
"TXLNGY","RPS4Y1",0.639241400659109
"ZFY","RPS4Y1",0.648659413610942
"DDX3Y","RPS4Y1",0.660939920548705
"ENSG00000259124","MMRN1",0.250283863864881
"ST6GALNAC1","MMRN1",0.255950128303706
"SOX17","MMRN1",0.292137033827706
"ENSG00000204003","ENSG00000271774",0.271658781085825
"SEMA3G","ENSG00000271774",0.257799709669303
"ENSG00000226197","ENSG00000271774",0.251642174899861
"KRT222","ENSG00000271774",0.254346999809935
"ENSG00000244468","ENSG00000271774",0.254548279480843
"NPY","INA",0.265823452062322
"CAMKV","INA",0.287630793117858
"KCNQ2","INA",0.267330040984624
"NPY","FABP7",0.261781931203736
"CAMKV","FABP7",0.277550974778934
"CPLX2","FABP7",0.25854737704832
"INA","FABP7",0.311570531382211
"NPY","MPPED1",0.254156881326744
"CAMKV","MPPED1",0.278189558345679
"KCNQ2","MPPED1",0.261758756734098
"INA","MPPED1",0.277139042303708
"FABP7","MPPED1",0.300243447501997
"ENSG00000204003","DACH1",0.281756903451503
"SEMA3G","DACH1",0.25232723025645
"KRT222","DACH1",0.250422078294536
"ENSG00000244468","DACH1",0.256078549627096
"FCN3","ENSG00000254943",0.288875098768933
"COL17A1","ENSG00000254943",0.253627732141447
"LCN6","ENSG00000254943",0.296279754759363
"ENSG00000204003","ENSG00000254943",0.333913982653814
"SEMA3G","ENSG00000254943",0.283184720032638
"TLL1","ENSG00000254943",0.26097529622829
"KRT222","ENSG00000254943",0.293130675475364
"ENSG00000237380","ENSG00000254943",0.267471315920704
"LHX6","ENSG00000254943",0.298600310673833
"KIF26A","ENSG00000254943",0.269660476694895
"ENSG00000244468","ENSG00000254943",0.284284577894873
"ST6GALNAC1","ENSG00000254943",0.277075166328388
"CCM2L","ENSG00000254943",0.283748871725113
"SOX17","ENSG00000254943",0.258527910449324
"ADGRA1","MYRIP",0.25597637721755
"ENSG00000278722","MYRIP",0.257882643870535
"ENSG00000273650","MYRIP",0.276108719683114
"LINC01915","MYRIP",0.288430605580024
"ENSG00000257346","MYRIP",0.262248503932985
"ENSG00000199927","MYRIP",0.270362926600192
"ENSG00000281710","MYRIP",0.270362926600192
"ENSG00000277489","MYRIP",0.310403201231915
"MIR126","MYRIP",0.268815860605434
"TUBAL3","MYRIP",0.321939366922553
"ENSG00000205018","MYRIP",0.270930749566844
"ZSWIM2","MYRIP",0.259310435477804
"ENSG00000280032","MYRIP",0.309049400588543
"LCN10","MYRIP",0.302032125017909
"EFCC1","MYRIP",0.306633417637008
"GATA5","MYRIP",0.282953242869163
"HOXD1","MYRIP",0.312818456115934
"GPR182","MYRIP",0.29117720574533
"LYPD2","MYRIP",0.290589383971012
"LOC441179","MYRIP",0.266525251851096
"ENSG00000227160","MYRIP",0.293501480346072
"GDF3","MYRIP",0.330837373564224
"MYCN","MYRIP",0.310310728466527
"SFTA2","MYRIP",0.254910800217874
"SLC6A3","MYRIP",0.320510738473092
"MYLK-AS2","MYRIP",0.284232969368871
"ENSG00000258691","MYRIP",0.261333396233614
"AVPR2","MYRIP",0.309950780573963
"ENSG00000249772","MYRIP",0.290303026394842
"ENSG00000214578","MYRIP",0.300900174172855
"N4BP3","MYRIP",0.288706104242492
"ENSG00000259124","MYRIP",0.291549925030595
"FCN3","MYRIP",0.344381846938353
"ENSG00000226252","MYRIP",0.279611220707583
"DHH","MYRIP",0.333517509843005
"TPO","MYRIP",0.276824521503198
"FGFR3","MYRIP",0.261470311815906
"TFF3","MYRIP",0.344966994194038
"COL17A1","MYRIP",0.306225369597959
"LCN6","MYRIP",0.349207804827174
"ENSG00000204003","MYRIP",0.370013091684228
"SEMA3G","MYRIP",0.31707225424609
"HAGLR","MYRIP",0.301595336752517
"HOXD3","MYRIP",0.257454869405337
"ADAMTS18","MYRIP",0.339530304602039
"ENSG00000226363","MYRIP",0.289749269231119
"TLL1","MYRIP",0.337767187156038
"ENSG00000226197","MYRIP",0.336510552130779
"ENSG00000237004","MYRIP",0.271236815070338
"KRT222","MYRIP",0.321364229665154
"CBX2","MYRIP",0.260993858377948
"INHBB","MYRIP",0.267266313780843
"GPIHBP1","MYRIP",0.282820678185802
"ENSG00000237380","MYRIP",0.332315115361759
"LHX6","MYRIP",0.334722827612039
"KIF26A","MYRIP",0.342895754461417
"ENSG00000244468","MYRIP",0.341567972605471
"ST6GALNAC1","MYRIP",0.310991027044288
"VWFP1","MYRIP",0.262235060288221
"LINC01843","MYRIP",0.254747474977638
"ENSG00000228401","MYRIP",0.307414349370949
"ENSG00000249797","MYRIP",0.328365295286451
"FGF12","MYRIP",0.325447888239147
"HOXD8","MYRIP",0.269837551077688
"KLHL4","MYRIP",0.290538214950533
"ANO2","MYRIP",0.319312829418967
"BDKRB2","MYRIP",0.321150820062981
"MEOX1","MYRIP",0.314414840543782
"ENSG00000242795","MYRIP",0.298592151387342
"CCM2L","MYRIP",0.347051447458409
"TACR1","MYRIP",0.318769722233764
"ENSG00000281682","MYRIP",0.316026703854667
"CCL15","MYRIP",0.320612754777639
"SELE","MYRIP",0.302602886836863
"ELFN1","MYRIP",0.256773840373886
"SOX17","MYRIP",0.328668156075292
"ENSG00000278500","MYRIP",0.253181943317488
"RAB3C","MYRIP",0.300052098607119
"ENSG00000254943","MYRIP",0.297925206497469
"LCN6","CDH24",0.264291115218053
"ENSG00000204003","CDH24",0.28688196207621
"LHX6","CDH24",0.252845287831296
"ST6GALNAC1","CDH24",0.27381435136694
"CCM2L","CDH24",0.262663380844633
"MYRIP","CDH24",0.261700545534866
"LCN10","EPHX4",0.262841018189607
"MYCN","EPHX4",0.258825124659147
"ENSG00000214578","EPHX4",0.2503059006798
"N4BP3","EPHX4",0.258301242014931
"ENSG00000259124","EPHX4",0.275239490025394
"FCN3","EPHX4",0.319671897119695
"TPO","EPHX4",0.251609327670019
"TFF3","EPHX4",0.285130961612116
"COL17A1","EPHX4",0.287428922107321
"LCN6","EPHX4",0.311014344506163
"ENSG00000204003","EPHX4",0.35136190573486
"SEMA3G","EPHX4",0.312374950803559
"ENSG00000226363","EPHX4",0.27129668536291
"TLL1","EPHX4",0.307300472439796
"ENSG00000226197","EPHX4",0.282406969695386
"KRT222","EPHX4",0.310669167150445
"CBX2","EPHX4",0.256295848459888
"ENSG00000237380","EPHX4",0.292212180699794
"LHX6","EPHX4",0.325901296711384
"KIF26A","EPHX4",0.277543442294357
"ENSG00000244468","EPHX4",0.327357877941398
"ST6GALNAC1","EPHX4",0.262658213863632
"ENSG00000249797","EPHX4",0.262085897469661
"FGF12","EPHX4",0.278246015607846
"KLHL4","EPHX4",0.253024392018885
"BDKRB2","EPHX4",0.272564097725842
"CCM2L","EPHX4",0.291560577955446
"TACR1","EPHX4",0.260881586716284
"CCL15","EPHX4",0.253225983209456
"SELE","EPHX4",0.272284265922804
"SOX17","EPHX4",0.287910705055008
"RAB3C","EPHX4",0.250289224802021
"ENSG00000254943","EPHX4",0.252400789575185
"MYRIP","EPHX4",0.325423759624995
